ECZANE ADI;TELEFON;MAHALLE;CADDE-SOKAK;NO;SEMT
BARBAROS ECZANESİ;2164468128;Yayla Mahallesi;Şinasi Dural Caddesi;90/B;Merkez
DEMİRTAŞ ECZANESİ;0;Yayla Mahallesi;Ali İhsan Paşa Caddesi;35A;Merkez
ÇELİK ECZANESİ;2164943288;Aydıntepe Mahallesi;Şahadet Sokak;42;İçmeler
ACAR ECZANESİ;2164468378;Cami Mahallesi;İstasyon Caddesi;102;Merkez
AYDINLI ECZANESİ;2164945134;İçmeler Mahallesi;Ankara Caddesi;43/A;İçmeler
SEVGİM ECZANESİ;0;Evliya Çelebi Mahallesi;Hatboyu Caddesi;5;Merkez
ÜNSAL ECZANESİ;2164471404;Yayla Mahallesi;Şinasi Dural Caddesi;29/B;Merkez
ECZANE VURAL;2164466434;İstasyon Mahallesi;Fevzi Çakmak Caddesi;101/B;Merkez
ÖZLEM ECZANESİ;0;Yayla Mahallesi;Şinasi Dural Caddesi;90/1;Merkez
HANDAN ECZANESİ;0;Cami Mahallesi;İstasyon Caddesi;76/A;Merkez
DOĞUŞ ECZANESİ;0;Aydıntepe Mahallesi;Yavuz Caddesi;7;İçmeler
UMUT ECZANESİ;2163956656;Yayla Mahallesi;Fevzi Çakmak Caddesi;29;Merkez
SAĞLIK ECZANESİ;0;İçmeler Mahallesi;Ankara Caddesi;25;İçmeler
İLHAN ECZANESİ;2164475299;Yayla Mahallesi;Ali İhsan Paşa Caddesi;37A;Merkez
ANKA ECZANESİ;2166734959;Aydınlı Mahallesi;Patlayıcı Maddeler Yolu Caddesi;13/B;Aydınlı
YAŞAM ECZANESİ;2164464605;Yayla Mahallesi;Şinasi Dural Caddesi;31/A;Merkez
CEREN ECZANESİ;2164462430;Yayla Mahallesi;Şinasi Dural Caddesi;22/A Dükkan-1;Merkez
DİLA ECZANESİ;2164235226;Şifa Mahallesi;Emiroğlu Caddesi;133;Mimarsinan
EGE ECZANESİ;2164942848;İçmeler Mahallesi;Enise Sokak;4/B;İçmeler
CADDE ÖZLEM ECZANESİ;2165042984;Aydıntepe Mahallesi;Beydağı Caddesi;CT1-2;İçmeler
SEVGİ ECZANESİ;2165043535;Postane Mahallesi;İstasyon Caddesi;5;Merkez
DAMLA ECZANESİ;2164462725;Postane Mahallesi;Tahaffuzhane Caddesi;12;Merkez
CEM ECZANESİ;0;Cami Mahallesi;İstasyon Caddesi;48/D;Merkez
HALK ECZANESİ;2164465313;Cami Mahallesi;İstasyon Caddesi;102/9;Merkez
HALE ECZANESİ;0;Cami Mahallesi;İstasyon Caddesi;82/A;Merkez
ZUHAL ECZANESİ;2163928778;Aydıntepe Mahallesi;Bağdat Caddesi;30;İçmeler
NESRİN ECZANESİ;0;Şifa Mahallesi;Hürriyet Caddesi;30/A;Şifa
EDA ECZANESİ;0;Şifa Mahallesi;Emiroğlu Caddesi;85/B;Mimarsinan
İÇMELER ECZANESİ;2165072611;İçmeler Mahallesi;Seyitonbaşı Caddesi;30/B;İçmeler
YENİ ŞİFA ECZANESİ;0;İstasyon Mahallesi;Hatboyu Caddesi;174/C;Merkez
GÜL ECZANESİ;2164944698;İçmeler Mahallesi;Kartal Sokak;2/D;İçmeler
AYDINTEPE ECZANESİ;0;Aydıntepe Mahallesi;100. Yıl Caddesi;69/A;İçmeler
SAĞLIK ECZANESİ;0;Şifa Mahallesi;İnönü Caddesi;11/A;Şifa
DOMAÇ ECZANESİ;0;Aydıntepe Mahallesi;Sahil Yolu Caddesi;191/26;İçmeler
MİMAR SİNAN ECZANESİ;0;Şifa Mahallesi;Emiroğlu Caddesi;129/A;Mimarsinan
BATTAL ECZANESİ;2163094745;Aydınlı Mahallesi;Beynur Sokak;3/C-6;Aydınlı
ŞİFA ECZANESİ;2164230053;Şifa Mahallesi;Egemenlik Caddesi;40/A;Şifa
HİLAL ECZANESİ;2163956912;Postane Mahallesi;Tahaffuzhane Caddesi;26/C;Merkez
BERKCEM ECZANESİ;2163926964;Aydıntepe Mahallesi;Yeşildere Caddesi;54/B;İçmeler
BERKAY ECZANESİ;2164235048;Mimar Sinan Mahallesi;Başak Sokak (G.74 Sk.);21/D;Mimarsinan
BİZİM ECZANESİ;2165763705;Şifa Mahallesi;Atatürk Caddesi;3;Mimarsinan
EGE ECZANESİ;5522451426;Mimar Sinan Mahallesi;Başak Sokak (G.74 Sk.);19;Mimarsinan
BURCU ECZANESİ;2164235620;Şifa Mahallesi;Hürriyet Caddesi;74/B;Şifa
YENİ BURCU ECZANESİ;0;Mimar Sinan Mahallesi;Emiroğlu Caddesi;112-B;Mimarsinan
NEVA ECZANESİ;2163292054;İçmeler Mahallesi;Seyitonbaşı Caddesi;27/A;İçmeler
NEVA ECZANESİ;2163292054;İçmeler Mahallesi;Seyitonbaşı Caddesi;27/A;İçmeler
BEYAZ ECZANESİ;2163041144;Mimar Sinan Mahallesi;Başak Sokak (G.74 Sk.);10/A;Mimarsinan
ÇİÇEKÇİLER ECZANESİ;5453950404;İstasyon Mahallesi;Çiçekçiler Caddesi;26/C;İstasyon
YENİ ŞİFA ECZANESİ;2166744035;Şifa Mahallesi;İnönü Caddesi;D 3 Blok Dükkan 10;Şifa
KONAŞLI  ECZANESİ;2163933335;Aydınlı Mahallesi;Süheyla Sokak;97/A;Aydınlı
CEMRE ECZANESİ;2163930215;Aydınlı Mahallesi;Başkomutan Caddesi;No:50H;Aydınlı
BİZİM ECZANESİ;0;Aydınlı Mahallesi;Cumhuriyet Caddesi;39;Aydınlı
KEREM ECZANESİ;2167595531;Aydınlı Mahallesi;Atatürk Caddesi;59/C;Aydınlı
ECZANE PLUS;2166702091;Tepeören Mahallesi;Karadağ Caddesi;T/42;Akfırat
YENİ CEREN ECZANESİ;2164462430;Yayla Mahallesi;Şinasi Dural Caddesi;No:33;Merkez
ARŞİPEL ECZANESİ;2164296084;Evliya Çelebi Mahallesi;Müştak Sokak;19;Merkez
EDEB ECZANESİ;2164391373;Akfırat Mahallesi;2. Caddesi;27A;Akfırat
ORHANLI ECZANESİ;2163943506;Orhanlı Mahallesi;Demokrasi Caddesi;11;Orhanlı
IHLAMUR ECZANESİ;0;Mescit Mahallesi;Demokrasi Caddesi;55C;Merkez
NAİLE ECZANESİ;2166063050;Aydınlı Mahallesi;DerSaadet Sokak;36/C;Aydınlı
NUR EDA ECZANESİ;0;Şifa Mahallesi;Emiroğlu Caddesi;83A;Mimarsinan
ALPİM ECZANESİ;2165212296;Orta Mahallesi;Erkılıç Sokak;50/A;Orhanlı
ECZANE ÜNVER;2163937202;Aydınlı Mahallesi;Çamlı Belde Yolu Caddesi;27/8;Aydınlı
CEMRE ECZANESİ;0;Aydınlı Mahallesi;Başkomutan Caddesi;50H;Aydınlı
ARDEN ECZANESİ;0;Aydıntepe Mahallesi;Beydağı Caddesi;CT1 Blok D:2 No:2 ;İçmeler
TUZLA İSTASYON ECZANESİ;2164466757;İstasyon Mahallesi;Hatboyu Caddesi;130B;İstasyon
VİA MARİN ECZANESİ;2165044505;Cami Mahallesi;Balıkçılar Sokak;20N;İstasyon
YENİ ŞİFAM ECZANESİ;2163953277;İstasyon Mahallesi;Hatboyu Caddesi;174C;İstasyon
EREN ECZANESİ;0;Tepeören Mahallesi;Tevfik Sokak;9A;Akfırat
ORTA ECZANESİ;2163041144;Orta Mahallesi;Gazi Caddesi;6;Orhanlı
LALEZAR ECZANESİ;2164691828;Aydınlı Mahallesi;Esra Sokak;8/A;Aydınlı
SEVGİ ECZANESİ;2163953401;Postane Mahallesi;İstasyon Caddesi;5;İstasyon
YENİ KİRAZ ECZANESİ;2163937870;Aydınlı Mahallesi;Patlayıcı Maddeler Yolu Caddesi;7A;Aydınlı
YENİ ŞİFAM ECZANESİ;2163953277;İstasyon Mahallesi;Hatboyu Caddesi;134A;İstasyon
SAKA ECZANESİ;5443297252;İçmeler Mahallesi;Aydınlı Yolu Caddesi;6/A;İçmeler
TUZLA ECZANESİ;2163951552;Cami Mahallesi;İstasyon Caddesi;1A;İstasyon
BÜYÜK ECZANESİ;2165047155;İçmeler Mahallesi;İncesu Sokak;16/3;İçmeler
METRO ECZANESİ;2164473373;Evliya Çelebi Mahallesi;Hatboyu Caddesi;8/A;Tersaneler
BİGEM ECZANESİ;2164474745;Evliya Çelebi Mahallesi;Hatboyu Caddesi;42A;Merkez
KARDELEN ECZANESİ;2163278481;İçmeler Mahallesi;D-100 Karayolu Caddesi;44A;İçmeler
HAZAL ECZANESİ;5339222074;Aydınlı Mahallesi;Gürpınar Caddesi;32A;Aydınlı
YAŞAR ECZANESİ;2164942561;Aydıntepe Mahallesi;100. Yıl Caddesi;97A;İçmeler
TUZLA ECZANESİ;2163951552;Postane Mahallesi;İstasyon Caddesi;1A;İstasyon
YELKEN ECZANESİ;5427935536;Evliya Çelebi Mahallesi;Hatboyu Caddesi;10D;Tersaneler
KONAK ECZANESİ;2163929494;İçmeler Mahallesi;Aydemir Sokak;4A;İçmeler
TURUNCU ECZANESİ;2165047155;Evliya Çelebi Mahallesi;Hatboyu Caddesi;25/A;Merkez
LAVANTA ECZANESİ;2163953515;Evliya Çelebi Mahallesi;Hatboyu Caddesi;6/A;Merkez
ÇİÇEKÇİLER ECZANESİ;2163950404;İstasyon Mahallesi;Çiçekçiler Caddesi;26C;İstasyon
GÜLDEN ECZANESİ;2166744376;Mimar Sinan Mahallesi;Hakan Sokak;1A;Mimarsinan
MASAL ECZANESİ;2164942210;İçmeler Mahallesi;İncesu Sokak;16/A;İçmeler
ECZANE GÜZEM;5466093032;İçmeler Mahallesi;Zinnur Sokak;3/5;İçmeler
ÇINAR ECZANESİ;2164472000;İçmeler Mahallesi;Zinnur Sokak;3/7;İçmeler
MAHBUBE ECZANESİ;2164472001;İçmeler Mahallesi;Zinnur Sokak;3/6;İçmeler
NİL ECZANESİ;5309001540;İçmeler Mahallesi;Zinnur Sokak;3/4;İçmeler
SARAÇOĞLU ECZANESİ;0;Yayla Mahallesi;Lütuf Sokak;19A;Tersaneler
DOĞA ECZANESİ;2164233642;Şifa Mahallesi;Başar Sokak;32A;Şifa
ŞEYMA ECZANESİ;2166745005;Şifa Mahallesi;Başar Sokak;34A;Şifa
PAPATYA ECZANESİ;2167012122;İstasyon Mahallesi;Vatan Caddesi;117/4-3;İstasyon
BELKIS ECZANESİ;2163929343;Aydıntepe Mahallesi;Batu Sokak;62A;İçmeler
MUTLULUK ECZANESİ;2164460077;Yayla Mahallesi;Ayışığı Sokak;4A;Merkez
FUNDA ECZANESİ;2163954231;Postane Mahallesi;İstasyon Caddesi;53D;İstasyon
IHLAMUR ECZANESİ;0;Mescit Mahallesi;Ulugüney Sokak;1AA;Orhanlı
ANADOLU ECZANESİ;2164936504;Aydıntepe Mahallesi;Yavuz Caddesi;7A;İçmeler
MERCAN ECZANESİ;2163953306;Cami Mahallesi;İstasyon Caddesi;48D;İstasyon
DEFNE ECZANESİ;2164470244;İçmeler Mahallesi;Zinnur Sokak;3/8;İçmeler
CANTÜRK ECZANESİ;2163927475;Aydıntepe Mahallesi;Batu Sokak;24/A;İçmeler
MASAL ECZANESİ;2164942210;İçmeler Mahallesi;İncesu Sokak;16/A;İçmeler
BİLGE ECZANESİ;2164468206;Yayla Mahallesi;Ali İhsan Paşa Caddesi;35A;Merkez
ALAADDİN ECZANESİ;2163944200;Mescit Mahallesi;Ulugüney Sokak;1/A;Orhanlı
MİRAY ECZANESİ;2163932520;Aydınlı Mahallesi;Gürpınar Caddesi;37B;Aydınlı
HANDAN ECZANESİ;0;Cami Mahallesi;İstasyon Caddesi;76/A;İstasyon
MANOLYA ECZANESİ;2162088455;Yayla Mahallesi;Şinasi Dural Caddesi;96B;Merkez
VERESELİ HANDAN ECZANESİ;2167660194;Cami Mahallesi;İstasyon Caddesi;76/A;İstasyon
BAHÇELER ECZANESİ;2163932196;Aydınlı Mahallesi;Kar Sokak;21/A;Aydınlı
BÜŞRA ECZANESİ;2167592824;Aydınlı Mahallesi;DerSaadet Sokak;20/F;Aydınlı
ÇAĞATAY ECZANESİ;2164231046;Şifa Mahallesi;Emiroğlu Caddesi;83/B;Mimarsinan
LOTUS ECZANESİ;2167595689;Yayla Mahallesi;Vatan Caddesi;72/1/5;Tersaneler
BAL ECZANESİ;2163041186;Tepeören Mahallesi;Tevfik Sokak;9/A;Akfırat
ERDEM ECZANESİ;5327803191;Aydıntepe Mahallesi;100. Yıl Caddesi;87/A;İçmeler
TUZLA PORT ECZANESİ;0;Postane Mahallesi;Cumhuriyet Caddesi;Tuzla Port Dış Kapı No:5/TD1 No:65;İstasyon
HOROZ ECZANESİ;0;Aydınlı Mahallesi;Bahçeler Sokak;2/B;Aydınlı
