id,slug,ad,kategori,alt_kategori,lat,lon,telefon,calisma_saatleri,web,instagram,adres,mahalle,kaynak,dogrulandi
n10741956327,erkek-kuaforu,Erkek Kuaförü,Bakım & Güzellik,Kuaför / Berber,40.828905,29.307537,,,,,,,osm,False
n8520490505,hdf-bayan-kuaforu,HDF Bayan Kuaförü,Bakım & Güzellik,Kuaför / Berber,40.826308,29.313489,,,,,,,osm,False
n6477203300,kuafor-ahmet,Kuaför Ahmet,Bakım & Güzellik,Kuaför / Berber,40.81533,29.304375,,,,,,,osm,False
n13856415942,memireis,Memireis,Bakım & Güzellik,Kuaför / Berber,40.825691,29.324126,,,,,,,osm,False
n11275667827,recep,Recep,Bakım & Güzellik,Kuaför / Berber,40.816048,29.303421,,,,,,,osm,False
n13368160475,recep-tozan-kuafor,Recep Tozan Kuaför,Bakım & Güzellik,Kuaför / Berber,40.828195,29.306511,,,,,,,osm,False
n13856415941,salon-arli,Salon Arlı,Bakım & Güzellik,Kuaför / Berber,40.826248,29.324214,,,,,,,osm,False
n8520556466,saloon-levent-kilicaslan,Saloon Levent Kılıçaslan,Bakım & Güzellik,Kuaför / Berber,40.817944,29.30208,,,,,,,osm,False
n13158426533,omer-bay-kuafor,Ömer Bay Kuaför,Bakım & Güzellik,Kuaför / Berber,40.828705,29.307959,,,,,,,osm,False
n11464728700,ozeren-hair,Özeren Hair,Bakım & Güzellik,Kuaför / Berber,40.828982,29.321658,,,,,,,osm,False
n6477203296,atilim-fitness,Atılım Fitness,Bakım & Güzellik,Spor Salonu,40.815127,29.305445,,,,,,,osm,False
n13159777830,nefis-hayat-yoga-studyosu,Nefis Hayat Yoga Stüdyosu,Bakım & Güzellik,Spor Salonu,40.824407,29.30523,+90 533 813 64 00,,https://nefishayat.com,,,,osm,False
n11406398422,non-stop-fitness,Non Stop Fitness,Bakım & Güzellik,Spor Salonu,40.829721,29.307862,,Mo-Fr 09:00-23:00; Sa 10:00-20:00; Su 12:00-17:00,,,,,osm,False
n11083455554,kori-veteriner-poliklinigi,Köri̇ veteri̇ner poli̇kli̇ni̇ği̇,Evcil Hayvan,Veteriner,40.817045,29.28757,,24/7,,,Manastır Yolu 86,Postane Mahallesi,osm,False
n12806059396,kyk-nilufer-hatun,KYK Nilüfer Hatun,Konaklama,Hostel,40.806371,29.363504,,,,,,,osm,False
n8520257205,blue-sea-hotel,Blue Sea Hotel,Konaklama,Otel,40.816011,29.303239,,,,,,,osm,False
n5293882354,city-light-otel,City Light Otel,Konaklama,Otel,40.792531,29.338431,,,,,,,osm,False
n9857946817,crowne-plaza-viaport-marina,Crowne Plaza Viaport Marina,Konaklama,Otel,40.817106,29.320477,,,,,,,osm,False
n3650315740,doubletree-by-hilton-istanbul-tuzla,DoubleTree by Hilton Istanbul - Tuzla,Konaklama,Otel,40.845934,29.29634,+90 216 266 33 70,,https://www.hilton.com/en/hotels/isttidi-doubletree-istanbul-tuzla/,https://www.instagram.com/doubletreehiltonistanbultuzla/,Mustafa Kemal Cad 5,,osm,False
w1164088225,holiday-inn-istanbul-tuzla-bay,Holiday Inn Istanbul - Tuzla Bay,Konaklama,Otel,40.856108,29.279767,,,https://www.ihg.com/holidayinn/hotels/gb/en/istanbul/isttb/hoteldetail,,,,osm,False
n13855953601,ibis-otel-tuzla,Ibis otel tuzla,Konaklama,Otel,40.849294,29.296741,,,,,,,osm,False
n4367630393,rainbow-48,Rainbow 48,Konaklama,Otel,40.816564,29.292334,,,,,48,,osm,False
n12423383032,tuzla-garden-hotel,Tuzla Garden Hotel,Konaklama,Otel,40.81621,29.30453,,,,,,,osm,False
n12423371497,tuzla-pars-otel,Tuzla Pars Otel,Konaklama,Otel,40.815356,29.305507,,,,,,,osm,False
w1046167531,tuzla-suite-otel,Tuzla Suite Otel,Konaklama,Otel,40.829778,29.321995,,,,,Medrese Sokak 2,İstasyon,osm,False
n12423393504,yoga-butik-otel,Yoga Butik Otel,Konaklama,Otel,40.816063,29.304914,,,,,,,osm,False
n9690646285,kaya-balikcilik,Kaya Balıkçılık,Marina & Denizcilik,Balıkçı Malzemesi,40.816632,29.302681,,,,,,,osm,False
n13281162909,bonveno,BonVeno,Market,Bakkal / Market,40.825765,29.311968,,Mo-Su 07:30-22:00,,,,,osm,False
n5289574365,emel-market,Emel Market,Market,Bakkal / Market,40.826022,29.305918,,,,,,,osm,False
n11406398434,kaya-ciftligi,Kaya Çiftliği,Market,Bakkal / Market,40.824838,29.310509,,,,,,,osm,False
n7942378564,kucukkaya-market,Küçükkaya Market,Market,Bakkal / Market,40.826385,29.323399,,,,,,,osm,False
n5313433604,migros-jet,Migros Jet,Market,Bakkal / Market,40.818729,29.306026,,,,,,,osm,False
n9868455117,migros-jet,Migros Jet,Market,Bakkal / Market,40.823691,29.317775,,,,,,,osm,False
n9902429719,sail,Sail,Market,Bakkal / Market,40.819811,29.274708,,,,,,,osm,False
n7942378565,sebzeli-market,Sebzeli Market,Market,Bakkal / Market,40.825556,29.320983,,,,,,,osm,False
n8520557559,tuzla-tekel,Tuzla Tekel,Market,Bakkal / Market,40.817869,29.302153,,,,,,,osm,False
n12997541249,vizyon-tekel,Vizyon Tekel,Market,Bakkal / Market,40.827472,29.307198,,,,,,,osm,False
n11079061180,cetinkaya-market-tekel,Çetinkaya Market & Tekel,Market,Bakkal / Market,40.828894,29.322549,,,,,Hatboyu Caddesi,İstasyon,osm,False
n13277742325,atilgan-et,Atılgan Et,Market,Kasap,40.832662,29.306285,,,,,,,osm,False
n6477203297,gunes-et,Güneş Et,Market,Kasap,40.815625,29.303904,,,,,,,osm,False
n8993054962,a101,A101,Market,Süpermarket,40.825698,29.320674,,Mo-Su 09:00-21:30,,,,,osm,False
n11048655189,a101,A101,Market,Süpermarket,40.830618,29.319312,,Mo-Su 09:00-21:30,,,,,osm,False
n11465626287,a101,A101,Market,Süpermarket,40.825519,29.323825,,Mo-Su 09:00-21:30,,,,,osm,False
n12423325549,a101,A101,Market,Süpermarket,40.819819,29.308615,,Mo-Su 09:00-21:30,,,,,osm,False
n13401719872,a101,A101,Market,Süpermarket,40.830915,29.308671,,Mo-Su 09:00-21:00,,,,,osm,False
n13401719880,a101,A101,Market,Süpermarket,40.828468,29.307949,,Mo-Su 09:00-21:00,,,,,osm,False
n13401735185,a101,A101,Market,Süpermarket,40.831489,29.306012,,Mo-Su 09:00-21:00,,,,,osm,False
n13666169201,a101,A101,Market,Süpermarket,40.858394,29.280606,,,,,,,osm,False
n13970537304,a101,A101,Market,Süpermarket,40.82196,29.303818,,,,,,,osm,False
w1457608147,a101,A101,Market,Süpermarket,40.830573,29.310569,,Mo-Su 09:00-21:00,,,,,osm,False
n6477203308,ada-tekel-sarkuteri,Ada Tekel & Şarküteri,Market,Süpermarket,40.815198,29.305185,,,,,,,osm,False
n5313431509,bim,BİM,Market,Süpermarket,40.819353,29.305549,,Mo-Su 09:00-21:00,,,,,osm,False
n7840244044,bim,BİM,Market,Süpermarket,40.828286,29.321386,,Mo-Su 09:00-21:00,,,,,osm,False
n8520538680,bim,BİM,Market,Süpermarket,40.823541,29.317462,,Mo-Su 09:00-21:00,,,,,osm,False
n8520542986,bim,BİM,Market,Süpermarket,40.828691,29.308574,,Mo-Su 09:00-21:00,,,,,osm,False
n12362465349,bim,BİM,Market,Süpermarket,40.80823,29.364862,,Mo-Su 09:00-21:00,,,,,osm,False
n12423361606,bim,BİM,Market,Süpermarket,40.822061,29.310863,,Mo-Su 09:00-21:00,,,,,osm,False
n12433847042,bim,BİM,Market,Süpermarket,40.817073,29.287416,,Mo-Su 09:00-21:00,,,,,osm,False
n13158426530,bim,BİM,Market,Süpermarket,40.833041,29.308162,,Mo-Su 09:00-21:00,,,,,osm,False
w1353239699,bim,BİM,Market,Süpermarket,40.806093,29.359567,,,,,,,osm,False
n5292350454,carrefoursa,CarrefourSA,Market,Süpermarket,40.824878,29.31014,,,,,,,osm,False
n8422052717,carrefoursa,CarrefourSA,Market,Süpermarket,40.839458,29.306685,,,,,Şinasi Dural Caddesi 94A,,osm,False
n8520551635,carrefoursa,CarrefourSA,Market,Süpermarket,40.817943,29.301802,,,,,,,osm,False
n8520555228,carrefoursa,CarrefourSA,Market,Süpermarket,40.824375,29.321364,,,,,,,osm,False
n9690680273,carrefoursa,CarrefourSA,Market,Süpermarket,40.81588,29.3151,,,,,,,osm,False
n9871665117,carrefoursa,CarrefourSA,Market,Süpermarket,40.818147,29.278746,,,,,,,osm,False
n11048655190,carrefoursa,CarrefourSA,Market,Süpermarket,40.830495,29.318486,,,,,,,osm,False
n12433842234,carrefoursa,CarrefourSA,Market,Süpermarket,40.816635,29.290144,,,,,,,osm,False
n10799252121,file,File,Market,Süpermarket,40.824533,29.310451,,,,,,,osm,False
n13158426541,file,File,Market,Süpermarket,40.836927,29.306085,,Mo-Su 09:00-21:00,,,,,osm,False
n5768667855,hakmar,Hakmar,Market,Süpermarket,40.829592,29.320769,,,,,,,osm,False
n7942378495,hakmar,Hakmar,Market,Süpermarket,40.826062,29.323985,,,,,,,osm,False
n11406398418,hakmar,Hakmar,Market,Süpermarket,40.829717,29.310677,,,,,,,osm,False
n8520542076,hakmar-express,Hakmar Express,Market,Süpermarket,40.826721,29.317346,,,,,,,osm,False
n8520547951,kocaklar-mini-market-mini-hal,Koçaklar Mini Market & Mini Hal,Market,Süpermarket,40.821751,29.310573,,,,,,,osm,False
n11273351750,mercan-market,Mercan Market,Market,Süpermarket,40.824558,29.280005,,,,,,,osm,False
n5766326855,migros,Migros,Market,Süpermarket,40.840448,29.309404,,,,,,,osm,False
n8520560526,migros,Migros,Market,Süpermarket,40.832846,29.306542,,Mo-Su 08:30-22:00,,,,,osm,False
n9690646284,migros,Migros,Market,Süpermarket,40.817968,29.299313,,,,,,,osm,False
n11406398436,migros,Migros,Market,Süpermarket,40.825679,29.311241,,,,,,,osm,False
n6773663903,mopas,Mopaş,Market,Süpermarket,40.817758,29.304723,,,,,,,osm,False
n7890478874,mopas,Mopaş,Market,Süpermarket,40.825522,29.319834,,,,,,,osm,False
n9690646282,mopas,Mopaş,Market,Süpermarket,40.817635,29.304065,,Mo-Su 08:30-22:00,,,,,osm,False
n11406398416,mopas,Mopaş,Market,Süpermarket,40.828856,29.306001,,Mo-Su 09:00-21:30,,,,,osm,False
n13158426537,mopas,Mopaş,Market,Süpermarket,40.840457,29.306387,,,,,,,osm,False
n5313433543,onur-group,Onur Group,Market,Süpermarket,40.821323,29.309028,,,,,,,osm,False
n11464728692,tarim-kredi-kooperatif-market,Tarım Kredi Kooperatif Market,Market,Süpermarket,40.82513,29.32114,,,,,,,osm,False
n12997541266,turkiye-tarim-kredi-kooperatif-market,Türkiye Tarım Kredi Kooperatif Market,Market,Süpermarket,40.830041,29.307712,,,,,,,osm,False
n7840244045,sok,Şok,Market,Süpermarket,40.827844,29.320621,,,,,,,osm,False
n7942378516,sok,Şok,Market,Süpermarket,40.824993,29.321462,,,,,,,osm,False
n8520555152,sok,Şok,Market,Süpermarket,40.817467,29.303562,,,,,,,osm,False
n8520560118,sok,Şok,Market,Süpermarket,40.829163,29.307564,,,,,,,osm,False
n11048655188,sok,Şok,Market,Süpermarket,40.829782,29.318817,,,,,,,osm,False
n11406398447,sok,Şok,Market,Süpermarket,40.833017,29.308306,,,,,,,osm,False
n11406398456,sok,Şok,Market,Süpermarket,40.826385,29.307942,,,,,,,osm,False
n11465626285,sok,Şok,Market,Süpermarket,40.826309,29.317054,,,,,,,osm,False
n12423369758,sok,Şok,Market,Süpermarket,40.818985,29.289493,,,,,,,osm,False
n13159777831,sok,Şok,Market,Süpermarket,40.824638,29.305018,,,,,,,osm,False
n10100735917,go-tribord-bilisim-teknolojileri,Go Tri̇bord Bi̇li̇şi̇m Teknoloji̇leri,Perakende,Bilgisayar,40.831237,29.308155,+90 850 222 5040,Mo-Fr 09:00-18:00; Sa 09:00-15:00,https://www.gotribord.com/index.php,,İhsan Emekçi Sokak 13/D,,osm,False
n12836963499,onsa-bilgisayar,Onsa Bilgisayar,Perakende,Bilgisayar,40.82836,29.30587,,,https://onsabilgisayar.com/,,Irmak Sokağı 4D,Yayla,osm,False
n8520541596,ensa-dtm,Ensa Dtm,Perakende,Elektronik,40.828521,29.310845,,,,,,,osm,False
n9642053189,lc-waikiki,LC Waikiki,Perakende,Giyim,40.816393,29.315768,,,,,,,osm,False
n11465626286,tedi,tedi,Perakende,Giyim,40.826379,29.31675,,,,,,,osm,False
n11464728705,emin-kirtasiye,Emin Kırtasiye,Perakende,Kırtasiye,40.829102,29.321987,,,,,,,osm,False
n13159777832,abant-sogutma-toshiba-yetkili-bayisi,Abant Soğutma Toshiba Yetkili Bayisi,Perakende,Mağaza,40.824571,29.305302,+90 216 251 08 89,,,,,,osm,False
n4455720091,kurs,Kurs,Perakende,Mağaza,40.848542,29.29569,,,,,,,osm,False
n4159177390,pasabahce-magazalari-genel-mudurluk-tuzla,Pasabahce Magazalari Genel Mudurluk Tuzla,Perakende,Mağaza,40.840167,29.314071,,,,,,,osm,False
n5766326854,pasabahce-magazalari-tuzla-magazasi,Paşabahçe Magazaları Tuzla Magazası,Perakende,Mağaza,40.841505,29.310361,,,,,,,osm,False
n4680929404,viaport-marina,Viaport Marina,Perakende,Mağaza,40.817175,29.318774,,,,,,,osm,False
n8520270237,yarim-elma,Yarım Elma,Perakende,Mağaza,40.816522,29.303794,,,,,,,osm,False
n13368160478,eda-ece-optik,Eda & Ece Optik,Perakende,Optik,40.82861,29.308768,,,,,,,osm,False
n6767651307,goz-optik,Göz Optik,Perakende,Optik,40.846093,29.301043,,,,,,,osm,False
n13368898484,gul-optik,Gül Optik,Perakende,Optik,40.828142,29.308143,,,,,,,osm,False
n9690646275,toyzz-shop,Toyzz Shop,Perakende,Oyuncakçı,40.817863,29.299632,,,,,,,osm,False
n9690680281,toyzz-shop,Toyzz Shop,Perakende,Oyuncakçı,40.816211,29.316343,,,,,,,osm,False
n6773663908,demir-iletisim,Demir İletişim,Perakende,Telefoncu,40.816624,29.303887,,,,,,,osm,False
n6773663902,kahverengi-iletisim,Kahverengi İletişim,Perakende,Telefoncu,40.817189,29.303979,,,,,,,osm,False
n6773663900,turk-telekom,Türk Telekom,Perakende,Telefoncu,40.817717,29.304631,,,,,,,osm,False
n12997541233,ataoglu-yapi-malzemeleri,Ataoğlu Yapı Malzemeleri,Perakende,Yapı Market,40.828312,29.308822,,,,,,,osm,False
n11464728699,eminoglu-ticaret-yapi-malzemeleri,Eminoğlu Ticaret Yapı Malzemeleri,Perakende,Yapı Market,40.828802,29.32176,,,,,,,osm,False
n11406398435,koctas,Koçtaş,Perakende,Yapı Market,40.825614,29.310943,,,,,,,osm,False
n4440412605,tekzen,Tekzen,Perakende,Yapı Market,40.863864,29.274568,+90 216 670 11 26,,,,Kaynarca Mah. E-5 Karayolu Tersane Kavşağı Elka Sok. Neomarin Alışveriş Merkezi 9,,osm,False
n6477203306,dunyam-cicek,Dünyam Çiçek,Perakende,Çiçekçi,40.815383,29.304651,,,,,,,osm,False
n13368898483,medcezir-cicekcilik,Medcezir Çiçekçilik,Perakende,Çiçekçi,40.828312,29.308742,,,,,,,osm,False
n10741956330,melsadent,Melsadent,Sağlık,Diş Kliniği,40.829401,29.307296,,,https://www.melsadent.com,,,,osm,False
n4833166424,acar-eczanesi,Acar Eczanesi,Sağlık,Eczane,40.82098,29.308595,+90 216 446 83 78,,,,,,osm,False
n4816147335,arsipel-eczanesi,Arşipel Eczanesi,Sağlık,Eczane,40.840761,29.300113,+90 216 429 60 84,,,,,,osm,False
n4816146928,barbaros-eczanesi,Barbaros Eczanesi,Sağlık,Eczane,40.839011,29.306532,+90 216 446 81 28,,,,,,osm,False
n4816147334,bigem-eczanesi,Bigem Eczanesi,Sağlık,Eczane,40.841375,29.304367,+90 216 447 47 45,,,,,,osm,False
n11406398419,bilge-eczanesi,Bilge Eczanesi,Sağlık,Eczane,40.828168,29.30825,+90 216 446 8206,,,,,,osm,False
n4833141428,damla-eczanesi,Damla Eczanesi,Sağlık,Eczane,40.817683,29.303434,+90 216 446 27 25,,,,,,osm,False
n11582299469,defne-eczanesi,Defne Eczanesi,Sağlık,Eczane,40.846146,29.301372,+90 216 447 0244,,,,,,osm,False
n4816146929,domac-eczanesi,Domaç Eczanesi,Sağlık,Eczane,40.848536,29.29526,+90 216 392 98 15,,,,,,osm,False
n13034024600,eczane-bayraktar,Eczane Bayraktar,Sağlık,Eczane,40.859366,29.280399,,,,,,,osm,False
n5199328123,ege-eczanesi,Ege Eczanesi,Sağlık,Eczane,40.8461,29.300984,+90 541 494 28 48,,,,,,osm,False
n5292856229,feyza-eczanesi,Feyza Eczanesi,Sağlık,Eczane,40.859567,29.279661,+90 216 494 36 76,,,,,,osm,False
n11582270371,gunes-eczanesi,Güneş Eczanesi,Sağlık,Eczane,40.823825,29.318625,,,,,,,osm,False
n5199328326,guzem-eczanesi,Güzem Eczanesi,Sağlık,Eczane,40.846119,29.301164,,,,,,,osm,False
n4833141425,halk-eczanesi,Halk Eczanesi,Sağlık,Eczane,40.821113,29.30878,+90 216 446 53 13,,,,,,osm,False
n4833141426,handan-eczanesi,Handan Eczanesi,Sağlık,Eczane,40.819133,29.306404,+90 216 446 11 03,,,,,,osm,False
n4833139940,hilal-eczanesi,Hilal Eczanesi,Sağlık,Eczane,40.817857,29.302205,+90 216 395 69 12,,,,,,osm,False
n5592628821,kardelen-eczanesi,Kardelen Eczanesi,Sağlık,Eczane,40.841591,29.310174,+90 216 327 8481,,,,,,osm,False
n11582298574,lavanta-eczanesi,Lavanta Eczanesi,Sağlık,Eczane,40.844145,29.299072,+90 216 395 3515,,,,,,osm,False
n11582298573,lotus-eczanesi,Lotus Eczanesi,Sağlık,Eczane,40.827116,29.307429,+90 216 759 5689,,,,,,osm,False
n6767651305,mahbube-eczanesi,Mahbube Eczanesi,Sağlık,Eczane,40.846139,29.30122,+90 216 447 2001,,,,,,osm,False
n11582270372,manolya-eczanesi,Manolya Eczanesi,Sağlık,Eczane,40.839817,29.306835,+90 216 208 8455,,,,,,osm,False
n4816109829,marti-eczanesi,Martı Eczanesi,Sağlık,Eczane,40.859463,29.280168,+90 216 392 72 45,,,,,,osm,False
n4833141427,mercan-eczanesi,Mercan Eczanesi,Sağlık,Eczane,40.817599,29.304502,+90 216 395 3306,,,,,,osm,False
n4816147336,metro-eczanesi,Metro Eczanesi,Sağlık,Eczane,40.843926,29.299433,+90 216 447 33 73,,,,,,osm,False
n11582298571,mutluluk-eczanesi,Mutluluk Eczanesi,Sağlık,Eczane,40.829653,29.309688,+90 216 446 0077,,,,,,osm,False
n4816146931,neomarin-eczanesi,Neomarin Eczanesi,Sağlık,Eczane,40.864289,29.274121,+90 216 670 11 30,,,,,,osm,False
n6767651304,nil-eczanesi,Nil Eczanesi,Sağlık,Eczane,40.846118,29.301092,,,,,,,osm,False
n10668687424,papatya-eczanesi,Papatya Eczanesi,Sağlık,Eczane,40.826501,29.315158,+902167012122,Mo-Sa 09:00-19:00,,,Vatan Caddesi,İstasyon Mahallesi,osm,False
n4833141429,sevgi-eczanesi,Sevgi Eczanesi,Sağlık,Eczane,40.81608,29.303278,+90 216 395 34 01,,,,,,osm,False
n4816147337,sevgim-eczanesi,Sevgim Eczanesi,Sağlık,Eczane,40.844483,29.298258,+90 216 446 26 99,,,,,,osm,False
n4833139941,tuzla-eczanesi,Tuzla Eczanesi,Sağlık,Eczane,40.81591,29.303167,,,,,,,osm,False
n11582298572,tuzla-port-eczanesi,Tuzla Port Eczanesi,Sağlık,Eczane,40.817637,29.29992,+90 216 766 3514,,,,,,osm,False
n4833166422,tuzla-istasyon-eczanesi,Tuzla İstasyon Eczanesi,Sağlık,Eczane,40.829751,29.320378,+90 216 446 67 57,,,,,,osm,False
n11804523669,tugba-eczanesi,Tuğba Eczanesi,Sağlık,Eczane,40.816715,29.28872,+90 216 629 6111,,https://eczanelik.com/istanbul-tuzla-tugba-eczanesi.html,,Manastır Yolu 78/A,Postane Mah.,osm,False
n11582298570,umut-eczanesi,Umut Eczanesi,Sağlık,Eczane,40.831943,29.311495,+90 216 395 6656,,,,,,osm,False
n11582299369,via-marina-eczanesi,Via Marina Eczanesi,Sağlık,Eczane,40.817533,29.317337,+90 216 504 4505,,,,,,osm,False
n4833166921,vural-eczanesi,Vural Eczanesi,Sağlık,Eczane,40.825525,29.310673,+90 216 446 64 34,,,,,,osm,False
n5199328325,yelken-eczanesi,Yelken Eczanesi,Sağlık,Eczane,40.843665,29.299792,+90 542 793 55 36,,,,,,osm,False
n5199328323,yeni-ceren-eczanesi,Yeni Ceren Eczanesi,Sağlık,Eczane,40.831985,29.305776,+90 216 446 24 30,,,,,,osm,False
n4833141424,yeni-sifam-eczanesi,Yeni Şifam Eczanesi,Sağlık,Eczane,40.829407,29.321378,+90 216 395 32 77,,,,,,osm,False
n4816146930,zeynep-eczanesi,Zeynep Eczanesi,Sağlık,Eczane,40.85946,29.280544,+90 216 493 42 00,,,,,,osm,False
n4833139939,cicekciler-eczanesi,Çiçekçiler Eczanesi,Sağlık,Eczane,40.827954,29.317346,+90 216 395 04 04,,,,,,osm,False
n6767651306,cinar-eczanesi,Çınar Eczanesi,Sağlık,Eczane,40.846139,29.301293,+90 216 447 2000,,,,,,osm,False
n5199328324,unsal-eczanesi,Ünsal Eczanesi,Sağlık,Eczane,40.831312,29.305637,+90 216 447 14 04,,,,,,osm,False
n11406398421,ilhan-eczanesi,İlhan Eczanesi,Sağlık,Eczane,40.827972,29.307728,+90 216 447 5299,,,,,,osm,False
w547749117,cemile-sevket-aile-sagligi-merkezi,Cemile Şevket Aile Sağlığı Merkezi,Sağlık,Poliklinik,40.821177,29.30827,,,,,,,osm,False
n8520542987,hilmi-sonay-aile-sagligi-merkezi,Hilmi Sonay Aile Sağlığı Merkezi,Sağlık,Poliklinik,40.839163,29.30652,,,,,,,osm,False
w489671400,hilmi-sahin-aile-sag-mrk,Hilmi Şahin Aile Sağ.Mrk.,Sağlık,Poliklinik,40.845478,29.297996,,,,,,,osm,False
w499516147,revir,Revir,Sağlık,Poliklinik,40.811487,29.262681,,,,,,,osm,False
w1414451284,tuzla-7-no-lu-aile-sagligi-merkezi,Tuzla 7 No'lu Aile Sağlığı Merkezi,Sağlık,Poliklinik,40.829462,29.309002,,,,,,,osm,False
n9204513779,tuzla-verem-savas-dispanseri,Tuzla Verem Savaş Dispanseri,Sağlık,Poliklinik,40.831737,29.306525,,,,,,,osm,False
n9204513778,yayla-aile-sagligi-merkezi,Yayla Aile Sağlığı Merkezi,Sağlık,Poliklinik,40.831642,29.306206,,,,,,,osm,False
n4699022952,opet-pendik,Opet Pendik,Servis,Akaryakıt,40.859498,29.281546,+90 2163785900,,https://www.opet.com.tr/,,İbrahim Hakkı Caddesi 2,Güzelyalı Mahallesi,osm,False
n4699020285,opet-tuzla,Opet Tuzla,Servis,Akaryakıt,40.837403,29.296061,+90 2164474849,,https://www.opet.com.tr/,,Rauf Orbay Caddesi 51/A,Evliya Çelebi Mahallesi,osm,False
n9283133184,opet-tuzla,Opet Tuzla,Servis,Akaryakıt,40.819475,29.306244,+90 2163956013,,https://www.opet.com.tr/,,İstasyon Caddesi 59,Postane Mahallesi,osm,False
n5313433605,garanti-bankasi,Garanti Bankası,Servis,Banka,40.818689,29.305834,,,,,,,osm,False
n6477203299,halkbank,Halkbank,Servis,Banka,40.815094,29.305576,,,,,,,osm,False
n6773663906,qnb-finansbank,QNB Finansbank,Servis,Banka,40.81743,29.30428,,Mo-Fr 09:00-12:30; Mo-Fr 13:30-17:00; PH closed; Sa-Su closed,,,,,osm,False
n5766503453,turkiye-is-bankasi,Türkiye İş Bankası,Servis,Banka,40.817176,29.304111,,,,,,,osm,False
w721312366,vakifbank,Vakıfbank,Servis,Banka,40.846193,29.301127,,,,,,,osm,False
n6773663904,yapi-kredi,Yapı Kredi,Servis,Banka,40.817138,29.303968,,,,,,,osm,False
n6225628260,ziraat-bankasi,Ziraat Bankası,Servis,Banka,40.816162,29.303526,,"Mo-Fr 09:00-12:30,13:30-17:00; Sa-Su off; PH off; PH eve 09:00-12:30",https://www.ziraatbank.com.tr/,,,,osm,False
n13301218304,viaport-marina-atm,Viaport Marina ATM,Servis,Döviz Bürosu,40.815923,29.317237,,24/7,https://2change.pro/,,,,osm,False
n13159777829,buz-motors,Buz Motors,Servis,Oto Galeri,40.824266,29.305225,,,,,,,osm,False
w1344833422,arac-bakim,Araç Bakım,Servis,Oto Servis,40.825282,29.29881,,,,,,,osm,False
w1369239657,arac-bakim,Araç Bakım,Servis,Oto Servis,40.825374,29.298527,,,,,,,osm,False
w1369239658,arac-bakim,Araç Bakım,Servis,Oto Servis,40.82548,29.298228,,,,,,,osm,False
n13970522334,sevgi-oto-elektrik,Sevgi Oto Elektrik,Servis,Oto Servis,40.820499,29.304371,,,,,Hacılar Caddesi 22,Postane Mah.,osm,False
n13124524442,selfwash-self-servis-oto-yikama,SelfWash Self Servis Oto Yıkama,Servis,Oto Yıkama,40.866713,29.269502,,,,,Çayönü Sokak 7,Kaynarca,osm,False
n11464728696,terzi-ramazan,Terzi Ramazan,Servis,Terzi,40.828534,29.321329,,,,,,,osm,False
n11465168343,marmara-cilingir,Marmara Çilingir,Servis,Çilingir,40.828,29.321095,,,,,,,osm,False
n9902430017,gadi,Gadi,Yeme İçme,Bar,40.820074,29.272977,,,,,,,osm,False
n7287814090,kumbara,Kumbara,Yeme İçme,Bar,40.815029,29.305124,,,,,,,osm,False
n9690646276,hakan-dondurma,Hakan Dondurma,Yeme İçme,Dondurmacı,40.816316,29.301909,,,,,,,osm,False
n8520238263,ates-doner,Ateş Döner,Yeme İçme,Fast Food,40.816102,29.303307,,,,,,,osm,False
n9690646279,burger-tuzla,Burger@ Tuzla,Yeme İçme,Fast Food,40.817054,29.297812,+90 216 446 53 93,Mo-Su 11:30-01:00,,,64/A,,osm,False
n13368160476,komagene,Komagene,Yeme İçme,Fast Food,40.829457,29.310636,,,,,,,osm,False
n6477203301,mekanim-cafe-fast-food,Mekanım Cafe Fast Food,Yeme İçme,Fast Food,40.815568,29.304125,,,,,,,osm,False
n12997541260,mercan-fast-food,Mercan Fast Food,Yeme İçme,Fast Food,40.829622,29.305489,,,,,,,osm,False
n9690646280,midyeci-ahmet,Midyeci Ahmet,Yeme İçme,Fast Food,40.817786,29.298097,,,,,,,osm,False
n9690680284,pasa-doner,Paşa Döner,Yeme İçme,Fast Food,40.817552,29.304423,,,,,,,osm,False
n13277742326,pizza-bulls,Pizza Bulls,Yeme İçme,Fast Food,40.833362,29.306001,,,,,,,osm,False
n9902429720,pizza-lazza,Pizza Lazza,Yeme İçme,Fast Food,40.816386,29.290905,,,,,,,osm,False
n8520253196,pugar-burger,Puğar Burger,Yeme İçme,Fast Food,40.816484,29.303789,,,,,,,osm,False
n11712527073,red-corner,Red Corner,Yeme İçme,Fast Food,40.828961,29.307327,,,,,,,osm,False
n12997541245,tuzla-kosem-doner,Tuzla Köşem Döner,Yeme İçme,Fast Food,40.828978,29.310763,,,,,,,osm,False
n7287814091,yikinti,Yıkıntı,Yeme İçme,Fast Food,40.81511,29.304811,,,,,,,osm,False
n8520260089,cigkofteci-omer-usta,Çiğköfteci Ömer Usta,Yeme İçme,Fast Food,40.81593,29.303196,,,,,,,osm,False
n13368160477,cigkofteci-omer-usta,Çiğköfteci Ömer Usta,Yeme İçme,Fast Food,40.829546,29.310651,,,,,,,osm,False
n7959052856,asucan-firin,Asucan Fırın,Yeme İçme,Fırın,40.828947,29.322438,,,,,,,osm,False
n12997541248,hanuka-unlu-mamulleri,Hanuka Unlu Mamülleri,Yeme İçme,Fırın,40.827509,29.307068,,,,,,,osm,False
n6477203309,has-firin,Has Fırın,Yeme İçme,Fırın,40.815668,29.303785,,,,,,,osm,False
n9690680271,karadeniz-ekmek-firini,Karadeniz Ekmek Fırını,Yeme İçme,Fırın,40.819158,29.304399,,,,,,,osm,False
n11712527074,mimoza-pastanesi,Mimoza Pastanesi,Yeme İçme,Fırın,40.829072,29.306519,,,,,,,osm,False
n11406398455,vatan-pastanesi,Vatan Pastanesi,Yeme İçme,Fırın,40.829376,29.305284,,,,,,,osm,False
n12997541234,istanbul-halk-ekmek,İstanbul Halk Ekmek,Yeme İçme,Fırın,40.828471,29.308439,,,,,,,osm,False
n9902429917,adriano,Adriano,Yeme İçme,Kafe,40.819861,29.272553,,,,,,,osm,False
w1216656156,beltur,Beltur,Yeme İçme,Kafe,40.831234,29.278784,,,,,,,osm,False
n7287814092,cafe-dengim,Cafe Dengim,Yeme İçme,Kafe,40.815185,29.304331,,,,,,,osm,False
w1193072744,helvaci-ali-tuzla,Helvacı Ali Tuzla,Yeme İçme,Kafe,40.815801,29.30357,+905353197357,Mo-Su 12:00-24:00,,,Cumhuriyet Caddesi 77,Cami,osm,False
n9690646283,jolly-joker,Jolly Joker,Yeme İçme,Kafe,40.817566,29.299219,,,,,,,osm,False
n10584493878,k-tea-chinese-dim-sum-cafe,K-Tea Chinese Dim Sum Cafe,Yeme İçme,Kafe,40.818959,29.296851,+905075653466,Mo-Su 10:00-20:00,https://k-tea.cafe/,,Yalıboyu Caddesi 29A,POSTANE,osm,False
n11464728698,kavhe-i-hunnap,Kavhe-i Hünnap,Yeme İçme,Kafe,40.82847,29.321274,,,,,,,osm,False
n12172044161,kelebek-cafe,Kelebek Cafe,Yeme İçme,Kafe,40.81152,29.362,,,,,,,osm,False
n11275667826,lazys,Lazy’s,Yeme İçme,Kafe,40.816167,29.302705,,,,,,,osm,False
w440652297,lokanta,Lokanta,Yeme İçme,Kafe,40.812419,29.267767,,,,,,,osm,False
n9902429717,mandalin,Mandalin,Yeme İçme,Kafe,40.824453,29.278525,,,,,,,osm,False
n9906506918,merdcezir-plus,Merdcezir plus,Yeme İçme,Kafe,40.813459,29.281524,,,,,,,osm,False
w853280560,piri-reis-universitesi-kafe,Piri Reis Üniversitesi Kafe,Yeme İçme,Kafe,40.826391,29.322987,,,,,,,osm,False
n12835965179,ressa-cafe,Ressa Cafe,Yeme İçme,Kafe,40.84494,29.303249,,24/7,,,,,osm,False
n13310426797,saray-simit-cafe,Saray Simit & Cafe,Yeme İçme,Kafe,40.829709,29.321967,,,,,,,osm,False
n9690646277,starbucks,Starbucks,Yeme İçme,Kafe,40.817222,29.299265,,,,,,,osm,False
n11464728693,tatli-zamani,Tatlı Zamanı,Yeme İçme,Kafe,40.828308,29.321134,,,,,,,osm,False
n8993108562,toker-cay-bahcesi,Toker Çay Bahçesi,Yeme İçme,Kafe,40.830161,29.322506,,,,,,,osm,False
n13208565201,bi-arada-keyifliyiz,Bi Arada Keyifliyiz,Yeme İçme,Kahveci,40.819558,29.306958,,Mo-Sa 09:00-18:00,https://www.instagram.com/biaradakeyifliyiz?igsh=eGc1cWNweGZ3ODQw,biaradakeyifliyiz,İstasyon Caddesi 80-1,,osm,False
n7959052853,bora-pastanesi,Bora Pastanesi,Yeme İçme,Pastane,40.82921,29.321782,,,,,,,osm,False
n6773663909,lokmalti-ustu-lezzet,Lokmaltı Üstü Lezzet,Yeme İçme,Pastane,40.817255,29.304009,,,,,,,osm,False
n5311817349,serin-pastanesi,Serin Pastanesi,Yeme İçme,Pastane,40.822079,29.309608,,,,,İstasyon Caddesi 123A,İstasyon Mah.,osm,False
n8993054976,vatan-pastanesi,Vatan Pastanesi,Yeme İçme,Pastane,40.825335,29.321631,,,,,,,osm,False
n6773663905,alturk-cigkofte,Altürk Çiğköfte,Yeme İçme,Restoran,40.816804,29.303974,,,,,,,osm,False
n9902429817,angel-mercan,Angel Mercan,Yeme İçme,Restoran,40.819999,29.274333,,,,,,,osm,False
n6477203298,balikhane,Balıkhane,Yeme İçme,Restoran,40.815753,29.303561,,,,,,,osm,False
n6477203312,balikci-mustafa,Balıkçı Mustafa,Yeme İçme,Restoran,40.815052,29.306044,,,,,,,osm,False
n11465168347,beyoglu-pilav,Beyoğlu Pilav,Yeme İçme,Restoran,40.82703,29.324232,,,,,,,osm,False
n8520258403,deniz-borek-pide-salonu,Deniz Börek & Pide Salonu,Yeme İçme,Restoran,40.816155,29.303342,,,,,,,osm,False
n4681005189,develi-kebap,Develi kebap,Yeme İçme,Restoran,40.81738,29.317876,,,,,,,osm,False
w288171468,dodo-balik-restaurant,Dodo Balik Restaurant,Yeme İçme,Restoran,40.824131,29.278358,+90 216 582 0707,,https://www.dodomarin.com/,,Çınarlı Sok 59,,osm,False
w288171469,dodo-balik-restaurant,Dodo Balik Restaurant,Yeme İçme,Restoran,40.824003,29.278393,+90 216 582 0707,,https://www.dodomarin.com/,,Çınarlı Sok 59,,osm,False
n6477203307,doktorun-yeri-kofte,Doktorun Yeri Köfte,Yeme İçme,Restoran,40.815065,29.305785,,,,,,,osm,False
n6477203310,filizler-koftecisi,Filizler Köftecisi,Yeme İçme,Restoran,40.814833,29.306634,,,,,,,osm,False
n11464728703,gamze,Gamze,Yeme İçme,Restoran,40.828975,29.32187,,,,,,,osm,False
n6477203304,hanimeli-manti,Hanımeli Mantı,Yeme İçme,Restoran,40.815063,29.305914,,,,,,,osm,False
n11406398451,has-durum,Has Dürüm,Yeme İçme,Restoran,40.832935,29.305932,,,,,,,osm,False
n4367630390,hungry-ghost,Hungry Ghost,Yeme İçme,Restoran,40.814086,29.288665,,,,,,,osm,False
n9963650321,kadioglu-kebap-iskender,Kadıoğlu Kebap & İskender,Yeme İçme,Restoran,40.817107,29.304103,,,,,,,osm,False
w715366615,kelebek-cafe-ve-restaurant,Kelebek Cafe ve Restaurant,Yeme İçme,Restoran,40.811698,29.361745,,,,,,,osm,False
n13856415945,komagene-etsiz-cig-kofte,Komagene Etsiz Çiğ Köfte,Yeme İçme,Restoran,40.825729,29.3242,,,,,,,osm,False
n11464728706,konak,Konak,Yeme İçme,Restoran,40.829018,29.322198,,,,,,,osm,False
n7287814088,kiraca-balik-lokantasi,Kıraça Balık Lokantası,Yeme İçme,Restoran,40.815079,29.304927,,,,,,,osm,False
n11279806832,lagos,Lagos,Yeme İçme,Restoran,40.816291,29.290688,,,https://www.tuzlagos.com/,,,,osm,False
w440652298,lokanta,Lokanta,Yeme İçme,Restoran,40.812211,29.266723,,,,,,,osm,False
n10058781437,niwa,Niwa,Yeme İçme,Restoran,40.818528,29.298327,+90 216 771 21 41,,https://www.niwachinesesushi.com/,,,,osm,False
w489888632,niyazibey,Niyazibey,Yeme İçme,Restoran,40.84624,29.294554,,,,,,,osm,False
n6477203305,nur-un-yeri,Nur'un Yeri,Yeme İçme,Restoran,40.815244,29.305036,,,,,,,osm,False
n13421558723,pencr-guzelyali-sosyal-tesisleri,PenCR Güzelyalı Sosyal Tesisleri,Yeme İçme,Restoran,40.855605,29.280249,,We-Mo 10:00-22:00,https://www.pentas.istanbul/guzelyali.aspx,,,Güzelyalı Mahallesi,osm,False
n13856415938,pilavci-mazosun-yeri,Pilavcı Mazoşun Yeri,Yeme İçme,Restoran,40.826429,29.323442,,,,,,,osm,False
n11464728695,pilavhane,Pilavhane,Yeme İçme,Restoran,40.828556,29.32135,,,,,,,osm,False
n7287814089,poyraz-balik,Poyraz Balık,Yeme İçme,Restoran,40.815166,29.304507,,,,,,,osm,False
n9902429818,ronesans-mercan,Rönesans mercan,Yeme İçme,Restoran,40.819762,29.273458,,,,,,,osm,False
n11464728708,sariyer-borekcisi,Sarıyer Börekçisi,Yeme İçme,Restoran,40.829335,29.321507,,,,,,,osm,False
n9902429718,terrace-mercan,Terrace Mercan,Yeme İçme,Restoran,40.819967,29.27267,,,,,,,osm,False
n9041886917,tuzla-balikcisi,Tuzla Balikçisi,Yeme İçme,Restoran,40.816922,29.297504,,,,,,,osm,False
n12423392522,tuzlam-pilav,Tuzlam Pilav,Yeme İçme,Restoran,40.816095,29.304092,,,,,,,osm,False
n7942378559,tikabasa,TıkaBasa,Yeme İçme,Restoran,40.827241,29.324489,,,,,,,osm,False
n13856415939,umudum-ev-yemekleri,Umudum Ev Yemekleri,Yeme İçme,Restoran,40.826115,29.322727,,,,,,,osm,False
n6477203311,yakamoz-balik,Yakamoz Balık,Yeme İçme,Restoran,40.815081,29.305688,,,,,,,osm,False
n5313431486,ibb-tuzla-kent-lokantasi,İBB Tuzla Kent Lokantası,Yeme İçme,Restoran,40.819546,29.305449,,Mo-Fr 08:00-20:00; Sa 12:00-17:00,https://tesislerimiz.ibb.istanbul/tuzla-kent-lokantasi/,,,,osm,False
n9868891917,ramazan-canhaz,Ramazan Canhaz,Yeme İçme,Tatlıcı,40.817459,29.304085,,,,,,,osm,False
w715366620,personel-yemekhanesi,Personel Yemekhanesi,Yeme İçme,Yemek Katı,40.811209,29.355094,,,,,,,osm,False
w715366607,ogrenci-yemekhanesi,Öğrenci Yemekhanesi,Yeme İçme,Yemek Katı,40.810128,29.361653,,,,,,,osm,False
